propnum,allocid,propname,apinum,nri
"e165421110ba03099a1c0393373c5b43","233","Pad 35 Well 1",,"1"
"0b1ec366924b26fc98fa7b71a9c249cf","2091","Pad 55 Well 1"," 0000000129","1"
"006f52e9102a8d3be2fe5614f42ba989","168","Pad 214 Well 2",,"0.98"
"ac627ab1ccbdb62ec96e702f07f6425b","99","Pad 203 Well 1"," 0000000466","0.93"
"0777d5c17d4066b82ab86dff8a46af6f","163","Pad 283 Well 1"," 0000000119","1"
"52dbb0686f8bd0c0c757acf716e28ec0","2061","Pad 25 Well 2"," 0000000037","1"
"cc42acc8ce334185e0193753adb6cb77","1655","Well 252"," 0000000683","1"
"a5cdd4aa0048b187f7182f1b9ce7a6a7","737","Pad 176 Well 1"," 0000000553","0.86"
"226d1f15ecd35f784d2a20c3ecf56d7f","1491","Well 190"," 0000000874","1"
"cd0f74b5955dc87fd0605745c4b49ee8","2270","Pad 361 Well 1"," 0000000953","0.99"
"084b6fbb10729ed4da8c3d3f5a3ae7c9","196","Pad 296 Well 3"," 0000000408","1"
"8e82ab7243b7c66d768f1b8ce1c967eb","830","Pad 166 Well 1"," 0000000246","1"
"d7a84628c025d30f7b2c52c958767e76","2010","Pad 288 Well 1"," 0000000205","1"
"2a34abd6ebbd7fcf5a4421229c946c0a","2142","Pad 66 Well 2"," 0000000601","1"
"9185f3ec501c674c7c788464a36e7fb3","2107","Pad 33 Well 1"," 0000000161","1"
"c8758b517083196f05ac29810b924aca","2011","Pad 288 Well 2"," 0000000206","0.8"
"959a557f5f6beb411fd954f3f34b21c3","766","Pad 233 Well 4"," 0000000485","0.83"
"1ff1de774005f8da13f42943881c655f","24","Pad 308 Well 5"," 0000000023","1"
"eddea82ad2755b24c4e168c5fc2ebd40","309","Pad 151 Well 1"," 0000000017","0.93"
"0e01938fc48a2cfb5f2217fbfb00722d","285","Pad 57 Well 1"," 0000000348","0.9"
"5ec91aac30eae62f4140325d09b9afd0","862","Pad 143 Well 3"," 0000000574","0.78"
"b73ce398c39f506af761d2277d853a92","160","Pad 318 Well 4"," 0000000015","0.99"
"b7892fb3c2f009c65f686f6355c895b5","937","Pad 313 Well 1"," 0000000287","0.83"
"ab1a4d0dd4d48a2ba1077c4494791306","1278","Well 95"," 0000000823","1"
"c06d06da9666a219db15cf575aff2824","690","Pad 127 Well 1"," 0000000162","0.92"
"a8f15eda80c50adb0e71943adc8015cf","151","Pad 263 Well 2",,"1"
"605ff764c617d3cd28dbbdd72be8f9a2","586","Pad 289 Well 2",,"0.78"
"e7e23670481ac78b3c4122a99ba60573","2104","Pad 15 Well 1"," 0000000157","0.92"
"af21d0c97db2e27e13572cbf59eb343d","1105","Well 21"," 0000000911","1"
"1534b76d325a8f591b52d302e7181331","212","Pad 186 Well 2"," 0000000452","1"
"fccb60fb512d13df5083790d64c4d5dd","437","Pad 229 Well 1"," 0000000312","1"
"6aca97005c68f1206823815f66102863","598","Pad 240 Well 3"," 0000000481","1"
"daa96d9681a21445772454cbddf0cac1","1472","Well 156"," 0000000720","0.81"
"936a40b7e8eea0dc537e5f2edee1387a","2146","Pad 385 Well 1"," 0000000862","0.78"
"9cc138f8dc04cbf16240daa92d8d50e2","630","Pad 163 Well 1"," 0000000563","0.82"
"4c144c47ecba6f8318128703ca9e2601","2040","Pad 356 Well 1",,"1"
"7f39f8317fbdb1988ef4c628eba02591","61","Pad 225 Well 3"," 0000000328","0.85"
"02a32ad2669e6fe298e607fe7cc0e1a0","841","Pad 141 Well 7"," 0000000586","0.83"
"8a146f1a3da4700cbf03cdc55e2daae6","1488","Well 187"," 0000000708","0.82"
"bc573864331a9e42e4511de6f678aa83","1626","Well 244"," 0000000746","0.75"
"84438b7aae55a0638073ef798e50b4ef","1294","Pad 380 Well 1"," 0000000938","0.83"
"bbf94b34eb32268ada57a3be5062fe7d","403","Pad 275 Well 1"," 0000000275","1"
"a597e50502f5ff68e3e25b9114205d4a","194","Pad 297 Well 1"," 0000000428","1"
"d554f7bb7be44a7267068a7df88ddd20","825","Pad 291 Well 1"," 0000000127","1"
"a591024321c5e2bdbd23ed35f0574dde","2003","Pad 268 Well 1"," 0000000155","0.78"
"07cdfd23373b17c6b337251c22b7ea57","278","Pad 149 Well 5"," 0000000071","0.87"
"e2ef524fbf3d9fe611d5a8e90fefdc9c","97","Pad 244 Well 5"," 0000000372","0.95"
"f899139df5e1059396431415e770c6dd","100","Pad 203 Well 2"," 0000000467","1"
"08c5433a60135c32e34f46a71175850c","597","Pad 240 Well 1"," 0000000295","0.93"
"6c8349cc7260ae62e3b1396831a8398f","45","Pad 319 Well 1"," 0000000262","0.82"
"41e7637e7b6a9f27a98b84d3a185c7c0","2168","Pad 70 Well 1"," 0000000518","1"
"ad61ab143223efbc24c7d2583be69251","74","Pad 320 Well 1"," 0000000367","1"
"a3d68b461bd9d3533ee1dd3ce4628ed4","950","Pad 217 Well 3"," 0000000484","1"
"4c27cea8526af8cfee3be5e183ac9605","638","Pad 138 Well 1"," 0000000577","0.91"
"dbe272bab69f8e13f14b405e038deb64","592","Pad 289 Well 3"," 0000000094","1"
"812b4ba287f5ee0bc9d43bbf5bbe87fb","95","Pad 237 Well 5"," 0000000370","0.99"
"c6e19e830859f2cb9f7c8f8cacb8d2a6","581","Pad 259 Well 2"," 0000000084","0.96"
"fa83a11a198d5a7f0bf77a1987bcd006","840","Pad 141 Well 6"," 0000000587","0.87"
"a733fa9b25f33689e2adbe72199f0e62","623","Pad 191 Well 2"," 0000000290","0.86"
"130f1a8e9e102707f3f91b010f151b0b","2296","Pad 97 Well 3"," 0000000634","0.9"
"a4300b002bcfb71f291dac175d52df94","909","Pad 119 Well 1"," 0000000247","0.87"
"621461af90cadfdaf0e8d4cc25129f91","907","Pad 199 Well 1"," 0000000082","0.83"
"b3e3e393c77e35a4a3f3cbd1e429b5dc","153","Pad 263 Well 4"," 0000000357","1"
"eda80a3d5b344bc40f3bc04f65b7a357","267","Pad 149 Well 1"," 0000000074","0.99"
"a1d0c6e83f027327d8461063f4ac58a6","42","Pad 322 Well 1"," 0000000421","1"
"be83ab3ecd0db773eb2dc1b0a17836a1","232","Pad 251 Well 2"," 0000000194","1"
"7634ea65a4e6d9041cfd3f7de18e334a","914","Pad 285 Well 1"," 0000000054","1"
"ee8374ec4e4ad797d42350c904d73077","1353","Pad 379 Well 1"," 0000000918","1"
"97275a23ca44226c9964043c8462be96","1476","Well 160",,"1"
"b1a59b315fc9a3002ce38bbe070ec3f5","261","Pad 221 Well 1"," 0000000183","1"
"621bf66ddb7c962aa0d22ac97d69b793","248","Pad 161 Well 1"," 0000000137","1"
"f516dfb84b9051ed85b89cdc3a8ab7f5","2309","Pad 386 Well 1"," 0000000961","1"
"7a6a74cbe87bc60030a4bd041dd47b78","1611","Well 237"," 0000000826","1"
"f033ab37c30201f73f142449d037028d","80","Pad 211 Well 2"," 0000000352","1"
"04048aeca2c0f5d84639358008ed2ae7","2223","Pad 4 Well 2"," 0000000213","0.96"
"acc3e0404646c57502b480dc052c4fe1","593","Pad 289 Well 4"," 0000000095","1"
"03c6b06952c750899bb03d998e631860","252","Pad 329 Well 1"," 0000000302","1"
"f2201f5191c4e92cc5af043eebfd0946","767","Pad 233 Well 1"," 0000000368","0.94"
"31b3b31a1c2f8a370206f111127c0dbd","1009","Well 7"," 0000000779","0.93"
"e19347e1c3ca0c0b97de5fb3b690855a","1115","Pad 350 Well 2",,"0.75"
"6150ccc6069bea6b5716254057a194ef","2276","Pad 38 Well 1"," 0000000232","1"
"69421f032498c97020180038fddb8e24","525","Pad 108 Well 1"," 0000000268","0.87"
"92cc227532d17e56e07902b254dfad10","92","Pad 244 Well 3"," 0000000379","1"
"e816c635cad85a60fabd6b97b03cbcc9","1480","Well 173"," 0000000699","0.76"
"8fecb20817b3847419bb3de39a609afe","675","Pad 184 Well 2"," 0000000444","1"
"b0f2ad44d26e1a6f244201fe0fd864d1","1668","Pad 405 Well 3"," 0000000920","0.85"
"facf9f743b083008a894eee7baa16469","1564","Well 217"," 0000000810","1"
"3a066bda8c96b9478bb0512f0a43028c","661","Pad 227 Well 3"," 0000000474","1"
"4ea06fbc83cdd0a06020c35d50e1e89a","770","Pad 165 Well 1"," 0000000557","1"
"6d3a1e06d6a06349436bc054313b648c","1487","Well 186"," 0000000707","1"
"8c7bbbba95c1025975e548cee86dfadc","644","Pad 188 Well 1"," 0000000117","1"
"13111c20aee51aeb480ecbd988cd8cc9","2219","Pad 367 Well 2"," 0000000947","0.87"
"072b030ba126b2f4b2374f342be9ed44","60","Pad 316 Well 1"," 0000000303","0.97"
"40b5f25a228570053bc64a043c3f1833","2299","Pad 376 Well 1"," 0000000869","1"
"069d3bb002acd8d7dd095917f9efe4cb","580","Pad 259 Well 1"," 0000000083","0.98"
"98dce83da57b0395e163467c9dae521b","93","Pad 244 Well 4"," 0000000380","1"
"5249ee8e0cff02ad6b4cc0ee0e50b7d1","2200","Pad 399 Well 1"," 0000000864","1"
"2cad8fa47bbef282badbb8de5374b894","2100","Pad 29 Well 1"," 0000000144","0.97"
"352fe25daf686bdb4edca223c921acea","399","Pad 98 Well 1"," 0000000395","0.8"
"70feb62b69f16e0238f741fab228fec2","1375","Pad 381 Well 1"," 0000000842","1"
"fb2fcd534b0ff3bbed73cc51df620323","1204","Well 67"," 0000000836","1"
"a684eceee76fc522773286a895bc8436","54","Pad 252 Well 3"," 0000000199","0.96"
"1b5230e3ea6d7123847ad55a1e06fffd","2119","Pad 66 Well 1"," 0000000516","1"
"248e844336797ec98478f85e7626de4a","432","Pad 106 Well 2"," 0000000309","0.81"
"bffc98347ee35b3ead06728d6f073c68","1483","Well 176"," 0000000704","1"
"0d7de1aca9299fe63f3e0041f02638a3","674","Pad 184 Well 1"," 0000000443","0.99"
"1d7f7abc18fcb43975065399b0d1e48e","154","Pad 263 Well 5"," 0000000358","1"
"c2ba1bc54b239208cb37b901c0d3b363","2255","Pad 89 Well 1"," 0000000224","1"
"2596a54cdbb555cfd09cd5d991da0f55","2167","Pad 83 Well 1"," 0000000556","1"
"ba2fd310dcaa8781a9a652a31baf3c68","524","Pad 239 Well 1"," 0000000354","1"
"6f4920ea25403ec77bee9efce43ea25e","2066","Pad 25 Well 1"," 0000000045","1"
"678a1491514b7f1006d605e9161946b1","1127","Pad 353 Well 1"," 0000000846","1"
"28e209b61a52482a0ae1cb9f5959c792","1332","Well 120"," 0000000815","0.93"
"49b8b4f95f02e055801da3b4f58e28b7","1504","Well 197"," 0000000698","1"
"c16a5320fa475530d9583c34fd356ef5","31","Pad 190 Well 2"," 0000000436","0.96"
"a96b65a721e561e1e3de768ac819ffbb","409","Pad 275 Well 4"," 0000000387","0.84"
"e2230b853516e7b05d79744fbd4c9c13","509","Pad 158 Well 3"," 0000000204","1"
"71a3cb155f8dc89bf3d0365288219936","677","Pad 286 Well 1"," 0000000526","0.92"
"f4b9ec30ad9f68f89b29639786cb62ef","94","Pad 237 Well 4"," 0000000369","1"
"aace49c7d80767cffec0e513ae886df0","1103","Pad 347 Well 1"," 0000000843","0.9"
"1e6e0a04d20f50967c64dac2d639a577","1100","Well 20"," 0000000795","0.82"
"a8c88a0055f636e4a163a5e3d16adab7","308","Pad 274 Well 4"," 0000000394","1"
"a2557a7b2e94197ff767970b67041697","189","Pad 183 Well 1"," 0000000446","0.8"
"cec6f62cfb44b1be110b7bf70c8362d8","1468","Well 167"," 0000000695","0.88"
"a96d3afec184766bfeca7a9f989fc7e7","2056","Pad 16 Well 1"," 0000000018","0.9"
"11b921ef080f7736089c757404650e40","556","Pad 306 Well 1"," 0000000298","1"
"296472c9542ad4d4788d543508116cbc","2070","Pad 50 Well 1"," 0000000051","0.9"
"96ea64f3a1aa2fd00c72faacf0cb8ac9","792","Pad 287 Well 5"," 0000000122","0.83"
"f0e52b27a7a5d6a1a87373dffa53dbe5","574","Pad 302 Well 1"," 0000000001","1"
"8929c70f8d710e412d38da624b21c3c8","2165","Pad 82 Well 1"," 0000000520","1"
"70c639df5e30bdee440e4cdf599fec2b","393","Pad 198 Well 3",,"0.84"
"1f0e3dad99908345f7439f8ffabdffc4","19","Pad 2 Well 1"," 0000000327","1"
"194cf6c2de8e00c05fcf16c498adc7bf","2096","Pad 43 Well 1"," 0000000135","0.95"
"bd0cc810b580b35884bd9df37c0e8b0f","2169","Pad 26 Well 1"," 0000000029","0.82"
"86e78499eeb33fb9cac16b7555b50767","2162","Pad 60 Well 1"," 0000000529","0.79"
"f79921bbae40a577928b76d2fc3edc2a","688","Pad 12 Well 1"," 0000000121","1"
"fa1e9c965314ccd7810fb5ea838303e5","1495","Well 179"," 0000000711","0.96"
"eb6fdc36b281b7d5eabf33396c2683a2","618","Pad 191 Well 1"," 0000000460","0.97"
"979d472a84804b9f647bc185a877a8b5","213","Pad 197 Well 1"," 0000000488","1"
"3948ead63a9f2944218de038d8934305","1216","Pad 364 Well 1"," 0000000849","0.92"
"ffeabd223de0d4eacb9a3e6e53e5448d","575","Pad 302 Well 2"," 0000000002","0.76"
"076a0c97d09cf1a0ec3e19c7f2529f2b","594","Pad 289 Well 5"," 0000000096","1"
"86d7c8a08b4aaa1bc7c599473f5dddda","1666","Pad 405 Well 1"," 0000000919","1"
"f29c21d4897f78948b91f03172341b7b","613","Pad 201 Well 1",,"1"
"82b8a3434904411a9fdc43ca87cee70c","1025","Pad 340 Well 1"," 0000000856","1"
"8c19f571e251e61cb8dd3612f26d5ecf","263","Pad 220 Well 1"," 0000000185","0.81"
"0f49c89d1e7298bb9930789c8ed59d48","283","Pad 150 Well 3"," 0000000106","0.77"
"ee26fc66b1369c7625333bedafbfcaf6","2156","Pad 73 Well 5",,"1"
"e4a6222cdb5b34375400904f03d8e6a5","242","Pad 300 Well 2"," 0000000492","0.77"
"8f7d807e1f53eff5f9efbe5cb81090fb","839","Pad 141 Well 5"," 0000000588","1"
"c6335734dbc0b1ded766421cfc611750","2106","Pad 34 Well 1"," 0000000160","0.91"
"4e8412ad48562e3c9934f45c3e144d48","1481","Well 174"," 0000000700","0.76"
"5487315b1286f907165907aa8fc96619","694","Pad 46 Well 1"," 0000000330","0.92"
"f2217062e9a397a1dca429e7d70bc6ca","149","Pad 200 Well 3"," 0000000256","0.89"
"47d1e990583c9c67424d369f3414728e","148","Pad 200 Well 2"," 0000000465","0.82"
"b0b79da57b95837f14be95aaa4d54cf8","2235","Pad 3 Well 2"," 0000000629","1"
"a11f9e533f28593768ebf87075ab34f2","2319","Pad 102 Well 3"," 0000000236","1"
"37d097caf1299d9aa79c2c2b843d2d78","2139","Pad 78 Well 1"," 0000000598","1"
"69d658d0b2859e32cd4dc3b970c8496c","1613","Well 238"," 0000000829","1"
"c73dfe6c630edb4c1692db67c510f65c","1348","Well 127"," 0000000822","0.84"
"6974ce5ac660610b44d9b9fed0ff9548","103","Pad 207 Well 2"," 0000000182","1"
"ef41d488755367316f04fc0e0e9dc9fc","2124","Pad 71 Well 1"," 0000000539","0.89"
"1359aa933b48b754a2f54adb688bfa77","2058","Pad 8 Well 2"," 0000000025","0.91"
"7750ca3559e5b8e1f44210283368fc16","616","Pad 305 Well 1"," 0000000438","1"
"c8fbbc86abe8bd6a5eb6a3b4d0411301","906","Pad 117 Well 1"," 0000000178","0.81"
"a486cd07e4ac3d270571622f4f316ec5","2152","Pad 38 Well 2",,"0.88"
"32bb90e8976aab5298d5da10fe66f21d","72","Pad 213 Well 2",,"0.85"
"e0a209539d1e74ab9fe46b9e01a19a97","2085","Pad 39 Well 1"," 0000000116","1"
"8cb22bdd0b7ba1ab13d742e22eed8da2","406","Pad 276 Well 1"," 0000000381","1"
"43ec517d68b6edd3015b3edc9a11367b","81","Pad 202 Well 1"," 0000000273","0.75"
"d4c2e4a3297fe25a71d030b67eb83bfc","728","Pad 177 Well 2"," 0000000627","0.95"
"c3535febaff29fcb7c0d20cbe94391c7","2110","Pad 44 Well 1"," 0000000167","0.95"
"afda332245e2af431fb7b672a68b659d","822","Pad 290 Well 1"," 0000000067","1"
"3def184ad8f4755ff269862ea77393dd","125","Pad 323 Well 1"," 0000000282","1"
"f4f6dce2f3a0f9dada0c2b5b66452017","407","Pad 276 Well 2"," 0000000382","1"
"da4fb5c6e93e74d3df8527599fa62642","120","Pad 137 Well 1"," 0000000517","1"
"0e9fa1f3e9e66792401a6972d477dcc3","1288","Pad 366 Well 1"," 0000000859","0.9"
"24917db15c4e37e421866448c9ab23d8","2150","Pad 40 Well 1",,"0.89"
"e2c0be24560d78c5e599c2a9c9d0bbd2","203","Pad 273 Well 2"," 0000000429","0.76"
"371bce7dc83817b7893bcdeed13799b5","352","Pad 301 Well 1"," 0000000278","0.79"
"fd2c5e4680d9a01dba3aada5ece22270","1135","Well 36"," 0000000825","1"
"1a5b1e4daae265b790965a275b53ae50","446","Pad 218 Well 2"," 0000000191","1"
"bc7316929fe1545bf0b98d114ee3ecb8","1515","Well 201"," 0000000811","0.97"
"0189caa552598b845b29b17a427692d1","2045","Pad 261 Well 1"," 0000000010","0.96"
"7f100b7b36092fb9b06dfb4fac360931","271","Pad 147 Well 1"," 0000000101","1"
"8b0d268963dd0cfb808aac48a549829f","1471","Well 155"," 0000000719","0.81"
"f340f1b1f65b6df5b5e3f94d95b11daf","241","Pad 300 Well 1",,"0.84"
"443dec3062d0286986e21dc0631734c9","2225","Pad 338 Well 2"," 0000000866","1"
"eb76c035d5d0a2bd2a0d0834b93c9c26","2266","Pad 372 Well 1"," 0000000949","1"
"fcdf25d6e191893e705819b177cddea0","1494","Well 178"," 0000000710","1"
"f9028faec74be6ec9b852b0a542e2f39","838","Pad 141 Well 3"," 0000000569","0.99"
"17d63b1625c816c22647a73e1482372b","411","Pad 276 Well 4"," 0000000389","0.96"
"f3f1b7fc5a8779a9e618e1f23a7b7860","1316","Well 114"," 0000000676","1"
"1afa34a7f984eeabdbb0a7d494132ee5","131","Pad 325 Well 1"," 0000000321","1"
"1415db70fe9ddb119e23e9b2808cde38","1496","Well 180"," 0000000712","1"
"9cb67ffb59554ab1dabb65bcb370ddd9","1335","Pad 375 Well 1"," 0000000841","1"
"c86a7ee3d8ef0b551ed58e354a836f2b","389","Pad 136 Well 2"," 0000000609","0.76"
"b571ecea16a9824023ee1af16897a582","1205","Pad 362 Well 1"," 0000000916","1"
"8ca8da41fe1ebc8d3ca31dc14f5fc56c","2224","Pad 4 Well 3"," 0000000214","1"
"34173cb38f07f89ddbebc2ac9128303f","30","Pad 190 Well 1"," 0000000457","1"
"325995af77a0e8b06d1204a171010b3a","2069","Pad 49 Well 5"," 0000000050","0.97"
"fe9fc289c3ff0af142b6d3bead98a923","83","Pad 211 Well 4",,"0.89"
"653ac11ca60b3e021a8c609c7198acfc","2234","Pad 3 Well 1",,"1"
"db9eeb7e678863649bce209842e0d164","2314","Pad 351 Well 2",,"0.99"
"85fc37b18c57097425b52fc7afbb6969","621","Pad 192 Well 3"," 0000000434","1"
"70efdf2ec9b086079795c442636b55fb","17","Pad 1 Well 3"," 0000000141","0.95"
"01eee509ee2f68dc6014898c309e86bf","2226","Pad 338 Well 1"," 0000000867","0.94"
"cd4bb35c75ba84b4f39e547b1416fd35","2129","Pad 56 Well 1"," 0000000551","0.9"
"3644a684f98ea8fe223c713b77189a77","200","Pad 327 Well 1"," 0000000337","0.78"
"90aef91f0d9e7c3be322bd7bae41617d","2243","Pad 7 Well 1"," 0000000630","1"
"fbd7939d674997cdb4692d34de8633c4","76","Pad 193 Well 1"," 0000000462","1"
"19bc916108fc6938f52cb96f7e087941","712","Pad 173 Well 1"," 0000000597","0.79"
"b0df2270be9cb16c14537e5bc2f2d37b","2218","Pad 367 Well 1"," 0000000948","0.83"
"1a0a283bfe7c549dee6c638a05200e32","2111","Pad 87 Well 1"," 0000000169","1"
"8efb100a295c0c690931222ff4467bb8","387","Pad 135 Well 1"," 0000000593","1"
"6395ebd0f4b478145ecfbaf939454fa4","954","Pad 281 Well 1",,"1"
"158fc2ddd52ec2cf54d3c161f2dd6517","1667","Pad 405 Well 2"," 0000000921","0.85"
"37a749d808e46495a8da1e5352d03cae","152","Pad 263 Well 3"," 0000000361","0.97"
"2812e5cf6d8f21d69c91dddeefb792a7","1296","Well 224"," 0000000828","1"
"766ebcd59621e305170616ba3d3dac32","587","Pad 179 Well 1",,"1"
"0c9ebb2ded806d7ffda75cd0b95eb70c","1505","Well 198"," 0000000872","0.95"
"7b1ce3d73b70f1a7246e7b76a35fb552","2103","Pad 22 Well 1"," 0000000154","1"
"67c6a1e7ce56d3d6fa748ab6d9af3fd7","47","Pad 13 Well 2"," 0000000398","1"
"c81e728d9d4c2f636f067f89cc14862c","2","Pad 333 Well 1"," 0000000251","0.85"
"8f14e45fceea167a5a36dedd4bea2543","7","Pad 336 Well 1"," 0000000283","1"
"96de2547f44254c97f5f4f1f402711c1","1649","Well 247"," 0000000827","1"
"82965d4ed8150294d4330ace00821d77","1346","Well 125"," 0000000812","0.93"
"819e3d6c1381eac87c17617e5165f38c","2077","Pad 17 Well 1"," 0000000068","0.99"
"df12ecd077efc8c23881028604dbb8cc","1523","Well 204"," 0000000760","0.97"
"92fb0c6d1758261f10d052e6e2c1123c","851","Pad 326 Well 1"," 0000000263","0.86"
"44cd7a8f7f9f85129b9953950665064d","2120","Pad 66 Well 3"," 0000000524","0.91"
"5cbdfd0dfa22a3fca7266376887f549b","1501","Well 194"," 0000000687","1"
"500e75a036dc2d7d2fec5da1b71d36cc","707","Pad 171 Well 2"," 0000000592","1"
"a088ea2078cd92b0b8a0e78a32c5c082","2084","Pad 32 Well 1"," 0000000115","1"
"c8c41c4a18675a74e01c8a20e8a0f662","946","Pad 118 Well 2"," 0000000326","0.86"
"a381c2c35c9157f6b67fd07d5a200ae1","2155","Pad 73 Well 4"," 0000000602","0.89"
"07c5807d0d927dcd0980f86024e5208b","713","Pad 215 Well 1"," 0000000618","0.86"
"735b90b4568125ed6c3f678819b6e058","67","Pad 225 Well 2"," 0000000471","1"
"3806734b256c27e41ec2c6bffa26d9e7","1028","Pad 341 Well 1"," 0000000861","1"
"f9a40a4780f5e1306c46f1c8daecee3b","861","Pad 143 Well 2"," 0000000573","0.93"
"24f0d2c90473b2bc949ad962e61d9bcb","2105","Pad 21 Well 1"," 0000000159","1"
"f8e59f4b2fe7c5705bf878bbd494ccdf","2171","Pad 42 Well 1"," 0000000136","1"
"ab88b15733f543179858600245108dd8","836","Pad 141 Well 1"," 0000000570","1"
"a9eb812238f753132652ae09963a05e9","1237","Well 80"," 0000000742","1"
"cb8da6767461f2812ae4290eac7cbc42","2153","Pad 82 Well 2"," 0000000594","0.81"
"65b9eea6e1cc6bb9f0cd2a47751a186f","105","Pad 212 Well 2"," 0000000616","0.91"
"5f93f983524def3dca464469d2cf9f3e","110","Pad 208 Well 3",,"0.85"
"b2eeb7362ef83deff5c7813a67e14f0a","596","Pad 240 Well 2"," 0000000478","1"
"22ac3c5a5bf0b520d281c122d1490650","852","Pad 331 Well 1"," 0000000320","0.79"
"7437d136770f5b35194cb46c1653efaa","1648","Pad 373 Well 3"," 0000000927","0.79"
"dc960c46c38bd16e953d97cdeefdbc68","1322","Pad 371 Well 1",,"1"
"7dc1c7653ac42a05642a667959c12239","2144","Pad 253 Well 1"," 0000000497","1"
"6ea9ab1baa0efb9e19094440c317e21b","29","Well 26"," 0000000147","0.77"
"fd06b8ea02fe5b1c2496fe1700e9d16c","1133","Well 41"," 0000000835","0.97"
"f73b76ce8949fe29bf2a537cfa420e8f","392","Pad 198 Well 2"," 0000000150","1"
"e58aea67b01fa747687f038dfde066f6","2308","Pad 100 Well 2",,"1"
"e70611883d2760c8bbafb4acb29e3446","710","Pad 174 Well 1",,"0.76"
"1f50893f80d6830d62765ffad7721742","880","Pad 114 Well 1"," 0000000353","0.97"
"571e0f7e2d992e738adff8b1bd43a521","1132","Well 40"," 0000000834","0.91"
"8303a79b1e19a194f1875981be5bdb6f","1691","Well 258"," 0000000837","1"
"68264bdb65b97eeae6788aa3348e553c","660","Pad 227 Well 1"," 0000000476","0.82"
"6ea2ef7311b482724a9b7b0bc0dd85c6","480","Pad 243 Well 2",,"0.76"
"abdbeb4d8dbe30df8430a8394b7218ef","2122","Pad 72 Well 2"," 0000000536","1"
"851ddf5058cf22df63d3344ad89919cf","614","Pad 201 Well 2"," 0000000176","1"
"59c33016884a62116be975a9bb8257e3","731","Pad 167 Well 1"," 0000000522","0.87"
"1728efbda81692282ba642aafd57be3a","564","Pad 126 Well 1"," 0000000110","1"
"92bbd31f8e0e43a7da8a6295b251725f","2118","Pad 75 Well 1"," 0000000514","0.98"
"53ed35c74a2ec275b837374f04396c03","2267","Pad 372 Well 2"," 0000000950","1"
"df4fe8a8bcd5c95cdb640aa9793bb32b","2057","Pad 8 Well 1"," 0000000024","0.97"
"d6288499d0083cc34e60a077b7c4b3e1","2257","Pad 6 Well 1"," 0000000222","0.92"
"f6e794a75c5d51de081dbefa224304f9","2132","Pad 63 Well 1"," 0000000562","0.88"
"e8d92f99edd25e2cef48eca48320a1a5","1665","Pad 373 Well 4"," 0000000925","0.91"
"3a824154b16ed7dab899bf000b80eeee","2022","Pad 382 Well 1"," 0000000944","1"
"f0935e4cd5920aa6c7c996a5ee53a70f","106","Pad 212 Well 3"," 0000000617","0.94"
"b2f627fff19fda463cb386442eac2b3d","601","Pad 311 Well 1"," 0000000423","1"
"a0f3601dc682036423013a5d965db9aa","1673","Pad 342 Well 3"," 0000000852","1"
"30bb3825e8f631cc6075c0f87bb4978c","589","Pad 259 Well 5"," 0000000091","1"
"074177d3eb6371e32c16c55a3b8f706b","2273","Pad 93 Well 2"," 0000000231","1"
"46922a0880a8f11f8f69cbb52b1396be","582","Pad 259 Well 3"," 0000000085","0.86"
"95151403b0db4f75bfd8da0b393af853","1461","Well 154"," 0000000817","1"
"698d51a19d8a121ce581499d7b701668","111","Pad 208 Well 4"," 0000000612","1"
"4a47d2983c8bd392b120b627e0e1cab4","705","Pad 171 Well 1"," 0000000596","0.81"
"c3992e9a68c5ae12bd18488bc579b30d","602","Pad 311 Well 2"," 0000000424","1"
"ca46c1b9512a7a8315fa3c5a946e8265","214","Pad 197 Well 2"," 0000000489","0.96"
"372d3f309fef061977fb2f7ba36d74d2","1465","Well 164"," 0000000692","0.95"
"a8e864d04c95572d1aece099af852d0a","780","Pad 110 Well 1"," 0000000336","1"
"6081594975a764c8e3a691fa2b3a321d","711","Pad 249 Well 1"," 0000000624","1"
"3871bd64012152bfb53fdf04b401193f","622","Pad 192 Well 4"," 0000000435","1"
"b8b4b727d6f5d1b61fff7be687f7970f","2004","Pad 346 Well 1"," 0000000941","0.89"
"109d2dd3608f669ca17920c511c2a41e","1528","Pad 393 Well 3"," 0000000922","0.75"
"e2c420d928d4bf8ce0ff2ec19b371514","71","Pad 213 Well 1"," 0000000552","0.92"
"d827f12e35eae370ba9c65b7f6026695","2303","Pad 94 Well 1"," 0000000633","0.75"
"47a658229eb2368a99f1d032c8848542","1136","Well 37"," 0000000787","1"
"7647966b7343c29048673252e490f736","89","Pad 237 Well 3"," 0000000376","1"
"d1a21da7bca4abff8b0b61b87597de73","2174","Pad 189 Well 1"," 0000000207","1"
"28dd2c7955ce926456240b2ff0100bde","77","Pad 193 Well 2"," 0000000463","1"
"350db081a661525235354dd3e19b8c05","2151","Pad 11 Well 2"," 0000000148","0.84"
"3493894fa4ea036cfc6433c3e2ee63b0","591","Pad 278 Well 4"," 0000000092","0.89"
"d7322ed717dedf1eb4e6e52a37ea7bcd","1007","Well 4"," 0000000659","0.93"
"c0e190d8267e36708f955d7ab048990d","219","Pad 19 Well 1"," 0000000139","1"
"69adc1e107f7f7d035d7baf04342e1ca","207","Pad 294 Well 1"," 0000000294","1"
"729c68884bd359ade15d5f163166738a","1484","Well 177"," 0000000705","1"
"ff49cc40a8890e6a60f40ff3026d2730","1333","Pad 393 Well 1"," 0000000924","1"
"2eace51d8f796d04991c831a07059758","2059","Pad 26 Well 2",,"1"
"b5a1fc2085986034e448d2ccc5bb9703","1536","Well 210"," 0000000669","1"
"d5cfead94f5350c12c322b5b664544c1","730","Pad 180 Well 1"," 0000000533","1"
"69dafe8b58066478aea48f3d0f384820","2312","Pad 403 Well 2"," 0000000957","1"
"046ddf96c233a273fd390c3d0b1a9aa4","2311","Pad 403 Well 1"," 0000000956","0.83"
"03f544613917945245041ea1581df0c2","1089","Well 16"," 0000000886","1"
"ffeed84c7cb1ae7bf4ec4bd78275bb98","1126","Well 39"," 0000000840","1"
"26f5bd4aa64fdadf96152ca6e6408068","2090","Pad 22 Well 2"," 0000000126","1"
"1679091c5a880faf6fb5e6087eb1b2dc","6","Pad 335 Well 1"," 0000000306","0.83"
"4ba29b9f9e5732ed33761840f4ba6c53","2002","Pad 269 Well 1",,"1"
"4734ba6f3de83d861c3176a6273cac6d","273","Pad 150 Well 1"," 0000000103","0.77"
"211c1e0b83b9c69fa9c4bdede203c1e3","2175","Pad 189 Well 2"," 0000000208","1"
"3147da8ab4a0437c15ef51a5cc7f2dc4","2244","Pad 7 Well 2"," 0000000631","1"
"1145a30ff80745b56fb0cecf65305017","2199","Pad 399 Well 2"," 0000000865","1"
"67e103b0761e60683e83c559be18d40c","641","Pad 182 Well 1"," 0000000441","1"
"42ffcf057e133f94c1b7b5cf543ef3bd","1470","Well 169"," 0000000718","0.94"
"3621f1454cacf995530ea53652ddf8fb","787","Pad 254 Well 1",,"0.76"
"14ea0d5b0cf49525d1866cb1e95ada5d","2192","Pad 256 Well 1"," 0000000494","1"
"d1fe173d08e959397adf34b1d77e88d7","79","Pad 211 Well 1",,"0.87"
"e995f98d56967d946471af29d7bf99f1","734","Pad 170 Well 1"," 0000000540","0.83"
"9ad6aaed513b73148b7d49f70afcfb32","583","Pad 278 Well 1"," 0000000087","1"
"86df7dcfd896fcaf2674f757a2463eba","1486","Well 185"," 0000000706","1"
"c15da1f2b5e5ed6e6837a3802f0d1593","788","Pad 254 Well 2"," 0000000196","1"
"5a1e3a5aede16d438c38862cac1a78db","2123","Pad 69 Well 2"," 0000000538","1"
"3dd9424294b0292b6e89ea2bba2e1144","2236","Pad 91 Well 1"," 0000000221","0.87"
"743394beff4b1282ba735e5e3723ed74","2272","Pad 93 Well 1"," 0000000230","1"
"cfa0860e83a4c3a763a7e62d825349f7","259","Pad 145 Well 1",,"1"
"9fc3d7152ba9336a670e36d0ed79bc43","133","Pad 131 Well 1"," 0000000174","1"
"6c3cf77d52820cd0fe646d38bc2145ca","882","Pad 332 Well 1"," 0000000331","0.87"
"931af583573227f0220bc568c65ce104","2108","Pad 86 Well 1"," 0000000165","0.86"
"dfa92d8f817e5b08fcaafb50d03763cf","1568","Pad 394 Well 1"," 0000000848","0.91"
"46ba9f2a6976570b0353203ec4474217","284","Pad 150 Well 4"," 0000000123","0.83"
"77f959f119f4fb2321e9ce801e2f5163","1502","Well 195",,"0.92"
"4ffce04d92a4d6cb21c1494cdfcd6dc1","640","Pad 181 Well 2"," 0000000440","1"
"ed4227734ed75d343320b6a5fd16ce57","1579","Well 223"," 0000000666","0.75"
"31fefc0e570cb3860f2a6d4b38c6490d","187","Pad 271 Well 1"," 0000000356","0.98"
"82f2b308c3b01637c607ce05f52a2fed","725","Pad 248 Well 1"," 0000000622","0.92"
"0829424ffa0d3a2547b6c9622c77de03","1289","Pad 366 Well 2"," 0000000860","1"
"3b8a614226a953a8cd9526fca6fe9ba5","215","Pad 196 Well 1"," 0000000458","0.84"
"5e9f92a01c986bafcabbafd145520b13","645","Pad 309 Well 1"," 0000000363","0.81"
"d3a7f48c12e697d50c8a7ae7684644ef","2088","Pad 10 Well 1"," 0000000124","0.8"
"f8bf09f5fceaea80e1f864a1b48938bf","2064","Pad 41 Well 1"," 0000000042","0.95"
"2f2b265625d76a6704b08093c652fd79","334","Pad 122 Well 1"," 0000000036","1"
"08e6bea8e90ba87af3c9554d94db6579","1677","Pad 407 Well 2"," 0000000858","0.91"
"01931a6925d3de09e5f87419d9d55055","2113","Pad 43 Well 2"," 0000000171","1"
"ab541d874c7bc19ab77642849e02b89f","1482","Well 175"," 0000000703","1"
"c3e4035af2a1cde9f21e1ae1951ac80b","2164","Pad 45 Well 1"," 0000000143","1"
"8b4066554730ddfaa0266346bdc1b202","1090","Well 17"," 0000000887","1"
"0336dcbab05b9d5ad24f4333c7658a0e","195","Pad 296 Well 2"," 0000000407","0.96"
"3fe78a8acf5fda99de95303940a2420c","1128","Pad 353 Well 2"," 0000000847","0.97"
"2a50e9c2d6b89b95bcb416d6857f8b45","1320","Well 121",,"0.85"
"4f4adcbf8c6f66dcfc8a3282ac2bf10a","404","Pad 275 Well 2"," 0000000392","1"
"539fd53b59e3bb12d203f45a912eeaf2","237","Pad 35 Well 2"," 0000000272","0.77"
"8d5e957f297893487bd98fa830fa6413","147","Pad 200 Well 1"," 0000000464","0.81"
"98d6f58ab0dafbb86b083a001561bb34","873","Pad 130 Well 1"," 0000000019","1"
"dc6a70712a252123c40d2adba6a11d84","676","Pad 184 Well 3"," 0000000445","0.79"
"26588e932c7ccfa1df309280702fe1b5","1258","Pad 351 Well 1"," 0000000939","1"
"05546b0e38ab9175cd905eebcc6ebb76","2109","Pad 36 Well 1",,"0.78"
"e069ea4c9c233d36ff9c7f329bc08ff1","2297","Pad 97 Well 2"," 0000000635","0.92"
"7d6044e95a16761171b130dcb476a43e","1474","Well 158"," 0000000722","1"
"d2ddea18f00665ce8623e36bd4e3c7c5","73","Pad 213 Well 3"," 0000000614","1"
"dc09c97fd73d7a324bdbfe7c79525f64","1479","Well 172"," 0000000702","1"
"c182f930a06317057d31c73bb2fedd4f","2145","Pad 253 Well 2"," 0000000498","1"
"26657d5ff9020d2abefe558796b99584","96","Pad 237 Well 6"," 0000000371","1"
"2ba596643cbbbc20318224181fa46b28","957","Pad 281 Well 3"," 0000000341","1"
"03afdbd66e7929b125f8597834fa83a4","63","Pad 245 Well 1"," 0000000107","0.86"
"c24cd76e1ce41366a4bbe8a49b02a028","253","Pad 85 Well 1"," 0000000607","1"
"3bf55bbad370a8fcad1d09b005e278c2","1255","Pad 353 Well 3"," 0000000845","1"
"4b6538a44a1dfdc2b83477cd76dee98e","945","Pad 118 Well 1"," 0000000332","1"
"95f8d9901ca8878e291552f001f67692","2274","Pad 49 Well 1"," 0000000229","0.76"
"ce6c92303f38d297e263c7180f03d402","2253","Pad 5 Well 1"," 0000000219","0.89"
"51ef186e18dc00c2d31982567235c559","874","Pad 132 Well 1"," 0000000111","0.93"
"3b92d18aa7a6176dd37d372bc2f1eb71","2126","Pad 67 Well 1"," 0000000544","1"
"a869ccbcbd9568808b8497e28275c7c8","2131","Pad 64 Well 1"," 0000000559","1"
"a5e0ff62be0b08456fc7f1e88812af3d","1098","Well 18"," 0000000667","0.82"
"23c97e9cb93576e45d2feaf00d0e8502","2140","Pad 73 Well 1"," 0000000599","0.84"
"ddd9dda6bfaf0bb1525a8a27c3ee6131","2159","Pad 72 Well 1"," 0000000543","1"
"c361bc7b2c033a83d663b8d9fb4be56e","605","Pad 311 Well 3"," 0000000405","0.86"
"c8ed21db4f678f3b13b9d5ee16489088","722","Pad 175 Well 1"," 0000000564","1"
"7f24d240521d99071c93af3917215ef7","551","Pad 74 Well 2"," 0000000519","0.94"
"cdf1e288ca02272e717c9d5e4cb180bd","2194","Pad 256 Well 3"," 0000000496","0.84"
"e205ee2a5de471a70c1fd1b46033a75f","910","Pad 115 Well 1"," 0000000297","0.75"
"cd0dce8fca267bf1fb86cf43e18d5598","1383","Well 134"," 0000000741","1"
"b5c01503041b70d41d80e3dbe31bbd8c","2217","Pad 400 Well 1",,"1"
"d6ef5f7fa914c19931a55bb262ec879c","1114","Pad 350 Well 1"," 0000000935","0.89"
"2b38c2df6a49b97f706ec9148ce48d86","1150","Well 45"," 0000000677","1"
"192fc044e74dffea144f9ac5dc9f3395","668","Pad 204 Well 3"," 0000000180","1"
"9cf81d8026a9018052c429cc4e56739b","604","Pad 312 Well 2"," 0000000426","1"
"78b9cab19959e4af8ff46156ee460c74","1477","Well 170"," 0000000685","1"
"4d6b3e38b952600251ee92fe603170ff","2087","Pad 31 Well 1"," 0000000120","1"
"091d584fced301b442654dd8c23b3fc9","208","Pad 294 Well 2"," 0000000329","0.82"
"12b1e42dc0746f22cf361267de07073f","2179","Pad 396 Well 1"," 0000000946","0.97"
"fae0b27c451c728867a567e8c1bb4e53","666","Pad 204 Well 1"," 0000000177","0.93"
"9bb6dee73b8b0ca97466ccb24fff3139","2137","Pad 78 Well 2",,"1"
"6f4922f45568161a8cdf4ad2299f6d23","18","Pad 1 Well 4"," 0000000142","0.87"
"c70daf247944fe3add32218f914c75a6","1326","Well 118"," 0000000881","1"
"991de292e76f74f3c285b3f6d57958d5","1469","Well 168"," 0000000690","1"
"88a839f2f6f1427879fc33ee4acf4f66","2170","Pad 14 Well 1"," 0000000156","0.76"
"577ef1154f3240ad5b9b413aa7346a1e","235","Pad 279 Well 2"," 0000000410","0.81"
"15d4e891d784977cacbfcbb00c48f133","441","Pad 330 Well 1"," 0000000264","0.81"
"9a1158154dfa42caddbd0694a4e9bdc8","52","Pad 252 Well 1"," 0000000197","1"
"dca5672ff3444c7e997aa9a2c4eb2094","1589","Well 227"," 0000000728","1"
"1714726c817af50457d810aae9d27a2e","1493","Well 192"," 0000000713","0.87"
"4dcf435435894a4d0972046fc566af76","1507","Pad 389 Well 1",,"0.91"
"1c9ac0159c94d8d0cbedc973445af2da","156","Pad 250 Well 1"," 0000000286","0.8"
"83cdcec08fbf90370fcf53bdd56604ff","1478","Well 171"," 0000000701","1"
"6d9cb7de5e8ac30bd5e8734bc96a35c1","1466","Well 165"," 0000000693","1"
"6faa8040da20ef399b63a72d0e4ab575","329","Pad 152 Well 1"," 0000000031","1"
"bf62768ca46b6c3b5bea9515d1a1fc45","758","Pad 109 Well 1",,"1"
"a376033f78e144f494bfc743c0be3330","2271","Pad 361 Well 2"," 0000000954","0.88"
"3435c378bb76d4357324dd7e69f3cd18","599","Pad 223 Well 3"," 0000000468","1"
"51de85ddd068f0bc787691d356176df9","2269","Pad 397 Well 1"," 0000000952","0.88"
"4b0a59ddf11c58e7446c9df0da541a84","875","Pad 133 Well 1"," 0000000026","1"
"d9fc5b73a8d78fad3d6dffe419384e70","388","Pad 136 Well 1"," 0000000608","0.77"
"0d73a25092e5c1c9769a9f3255caa65a","2147","Pad 385 Well 2"," 0000000863","0.82"
"18d8042386b79e2c279fd162df0205c8","400","Pad 98 Well 2"," 0000000396","1"
"d395771085aab05244a4fb8fd91bf4ee","279","Pad 149 Well 6"," 0000000072","0.88"
"1651cf0d2f737d7adeab84d339dbabd3","438","Pad 107 Well 1"," 0000000333","1"
"e4873aa9a05cc5ed839561d121516766","1646","Pad 345 Well 2"," 0000000929","1"
"b0b183c207f46f0cca7dc63b2604f5cc","837","Pad 141 Well 2"," 0000000571","1"
"16ba72172e6a4f1de54d11ab6967e371","2063","Pad 6 Well 3"," 0000000041","1"
"210f760a89db30aa72ca258a3483cc7f","883","Pad 113 Well 1"," 0000000340","1"
"333ac5d90817d69113471fbb6e531bee","2161","Pad 81 Well 1"," 0000000561","1"
"e7f8a7fb0b77bcb3b283af5be021448f","716","Pad 222 Well 1"," 0000000620","1"
"2a38a4a9316c49e5a833517c45d31070","88","Pad 237 Well 2"," 0000000375","1"
"eed5af6add95a9a6f1252739b1ad8c24","439","Pad 107 Well 2"," 0000000335","0.78"
"a87ff679a2f3e71d9181a67b7542122c","4","Pad 315 Well 1"," 0000000260","1"
"a4f23670e1833f3fdb077ca70bbd5d66","260","Pad 145 Well 2"," 0000000032","1"
"5878a7ab84fb43402106c575658472fa","167","Pad 214 Well 1"," 0000000317","0.8"
"01f78be6f7cad02658508fe4616098a9","550","Pad 71 Well 2"," 0000000521","1"
"168908dd3227b8358eababa07fcaf091","956","Pad 280 Well 3"," 0000000274","0.93"
"489d0396e6826eb0c1e611d82ca8b215","1424","Well 143"," 0000000675","1"
"996a7fa078cc36c46d02f9af3bef918b","608","Pad 310 Well 1"," 0000000289","1"
"53e3a7161e428b65688f14b84d61c610","693","Pad 127 Well 2"," 0000000128","0.76"
"0aa1883c6411f7873cb83dacb17b0afc","191","Pad 183 Well 3"," 0000000448","1"
"3df1d4b96d8976ff5986393e8767f5b2","939","Pad 224 Well 1"," 0000000473","1"
"3937230de3c8041e4da6ac3246a888e8","2117","Pad 67 Well 2"," 0000000513","0.79"
"a284df1155ec3e67286080500df36a9a","1252","Well 85"," 0000000824","1"
"88bfcf02e7f554f9e9ea350b699bc6a7","2315","Pad 351 Well 3"," 0000000958","0.83"
"e655c7716a4b3ea67f48c6322fc42ed6","1492","Well 191",,"1"
"fed33392d3a48aa149a87a38b875ba4a","1004","Well 5"," 0000000650","1"
"e56954b4f6347e897f954495eab16a88","265","Pad 145 Well 3"," 0000000030","1"
"697e382cfd25b07a3e62275d3ee132b3","2158","Pad 62 Well 2"," 0000000605","1"
"a29d1598024f9e87beab4b98411d48ce","2112","Pad 88 Well 1"," 0000000170","1"
"f3ac63c91272f19ce97c7397825cc15f","2313","Pad 408 Well 1"," 0000000871","1"
"0d0fd7c6e093f7b804fa0150b875b868","408","Pad 276 Well 3"," 0000000383","0.75"
"3f67fd97162d20e6fe27748b5b372509","1218","Well 66",,"0.85"
"c9e1074f5b3f9fc8ea15d152add07294","104","Pad 212 Well 1"," 0000000615","0.95"
"66e8ba8216a1e152d72653d99a4f03ab","2265","Pad 95 Well 2"," 0000000227","0.92"
"b1d10e7bafa4421218a51b1e1f1b0ba2","209","Pad 185 Well 1"," 0000000449","0.94"
"f7664060cc52bc6f3d620bcedc94a4b6","266","Pad 145 Well 4"," 0000000020","1"
"3e89ebdb49f712c7d90d1b39e348bbbf","919","Pad 144 Well 2"," 0000000580","0.83"
"140f6969d5213fd0ece03148e62e461e","159","Pad 318 Well 3"," 0000000203","1"
"e94550c93cd70fe748e6982b3439ad3b","742","Pad 299 Well 1"," 0000000052","1"
"f187a23c3ee681ef6913f31fd6d6446b","1490","Well 189"," 0000000873","0.89"
"2cfd4560539f887a5e420412b370b361","1123","Pad 342 Well 1"," 0000000853","0.82"
"4079016d940210b4ae9ae7d41c4a2065","1287","Well 101"," 0000000820","0.75"
"c902b497eb972281fb5b4e206db38ee6","2133","Pad 77 Well 1"," 0000000565","1"
"66368270ffd51418ec58bd793f2d9b1b","431","Pad 106 Well 1",,"1"
"2bb232c0b13c774965ef8558f0fbd615","523","Pad 242 Well 1"," 0000000301","1"
"8df707a948fac1b4a0f97aa554886ec8","715","Pad 177 Well 1"," 0000000626","0.97"
"67f7fb873eaf29526a11a9b7ac33bfac","445","Pad 218 Well 1"," 0000000190","1"
"8613985ec49eb8f757ae6439e879bb2a","90","Pad 244 Well 1"," 0000000377","1"
"e46de7e1bcaaced9a54f1e9d0d2f800d","397","Pad 216 Well 2"," 0000000189","0.89"
"6a9aeddfc689c1d0e3b9ccc3ab651bc5","282","Pad 150 Well 2"," 0000000105","0.82"
"55c567fd4395ecef6d936cf77b8d5b2b","1497","Well 181"," 0000000715","0.85"
"1e8c391abfde9abea82d75a2d60278d4","2154","Pad 47 Well 1"," 0000000163","0.91"
"e00da03b685a0dd18fb6a08af0923de0","139","Pad 282 Well 2"," 0000000164","1"
"cb8acb1dc9821bf74e6ca9068032d623","1530","Well 208"," 0000000885","1"
"3cec07e9ba5f5bb252d13f5f431e4bbb","247","Pad 160 Well 1"," 0000000078","0.88"
"9dfcd5e558dfa04aaf37f137a1d9d3e5","311","Pad 68 Well 1"," 0000000281","1"
"bbcbff5c1f1ded46c25d28119a85c6c2","405","Pad 275 Well 3"," 0000000393","0.87"
"2b8eba3cb0d0f1d761cb74d94a5ace36","2268","Pad 372 Well 3"," 0000000951","1"
"801272ee79cfde7fa5960571fee36b9b","2092","Pad 28 Well 1"," 0000000130","0.96"
"d14220ee66aeec73c49038385428ec4c","714","Pad 215 Well 2"," 0000000619","0.88"
"83adc9225e4deb67d7ce42d58fe5157c","1358","Pad 380 Well 2"," 0000000937","0.85"
"795c7a7a5ec6b460ec00c5841019b9e9","826","Pad 284 Well 1"," 0000000523","1"
"ef4e3b775c934dada217712d76f3d51f","955","Pad 281 Well 2"," 0000000413","1"
"5d44ee6f2c3f71b73125876103c8f6c4","617","Pad 305 Well 2"," 0000000285","0.92"
"c8ba76c279269b1c6bc8a07e38e78fa4","1214","Pad 407 Well 1"," 0000000857","1"
"fc3cf452d3da8402bebb765225ce8c0e","842","Pad 142 Well 1"," 0000000595","1"
"33ebd5b07dc7e407752fe773eed20635","1341","Pad 373 Well 2"," 0000000928","1"
"38db3aed920cf82ab059bfccbd02be6a","246","Pad 162 Well 1"," 0000000525","1"
"41bfd20a38bb1b0bec75acf0845530a7","1094","Pad 345 Well 1",,"0.75"
"b5dc4e5d9b495d0196f61d45b26ef33e","667","Pad 204 Well 2"," 0000000179","0.97"
"8e98d81f8217304975ccb23337bb5761","307","Pad 274 Well 3"," 0000000391","0.94"
"c7e1249ffc03eb9ded908c236bd1996d","87","Pad 237 Well 1",,"0.89"
"d1dc3a8270a6f9394f88847d7f0050cf","1619","Pad 398 Well 1",,"1"
"a7aeed74714116f3b292a982238f83d2","576","Pad 209 Well 1"," 0000000004","0.98"
"08f90c1a417155361a5c4b8d297e0d78","2000","Pad 236 Well 2"," 0000000493","0.81"
"426f990b332ef8193a61cc90516c1245","2318","Pad 102 Well 1"," 0000000234","0.83"
"0ae3f79a30234b6c45a6f7d298ba1310","2065","Pad 56 Well 2"," 0000000044","0.95"
"35cf8659cfcb13224cbd47863a34fc58","796","Pad 288 Well 3",,"0.84"
"a9a1d5317a33ae8cef33961c34144f84","585","Pad 289 Well 1"," 0000000088","0.83"
"54ff9e9e3a2ec0300d4ce11261f5169f","2080","Pad 53 Well 1"," 0000000080","1"
"e3796ae838835da0b6f6ea37bcf8bcb7","281","Pad 146 Well 3"," 0000000104","0.81"
"90794e3b050f815354e3e29e977a88ab","936","Pad 246 Well 1"," 0000000192","0.8"
"757b505cfd34c64c85ca5b5690ee5293","201","Pad 328 Well 1"," 0000000316","0.8"
"d490d7b4576290fa60eb31b5fc917ad1","600","Pad 223 Well 1"," 0000000416","0.88"
"d47268e9db2e9aa3827bba3afb7ff94a","2005","Pad 346 Well 3"," 0000000942","0.9"
"289dff07669d7a23de0ef88d2f7129e7","234","Pad 279 Well 1"," 0000000409","0.87"
"39059724f73a9969845dfe4146c5660e","270","Pad 146 Well 2"," 0000000100","0.97"
"c203d8a151612acf12457e4d67635a95","442","Pad 330 Well 2"," 0000000386","0.78"
"35f4a8d465e6e1edc05f3d8ab658c551","78","Pad 206 Well 1"," 0000000461","0.76"
"5c572eca050594c7bc3c36e7e8ab9550","743","Pad 299 Well 2"," 0000000053","1"
"4daa3db355ef2b0e64b472968cb70f0d","934","Pad 155 Well 1"," 0000000108","1"
"cfee398643cbc3dc5eefc89334cacdc1","478","Pad 210 Well 2"," 0000000003","1"
"01161aaa0b6d1345dd8fe4e481144d84","236","Pad 279 Well 3"," 0000000411","0.77"
"02b1be0d48924c327124732726097157","2121","Pad 62 Well 1"," 0000000527","0.9"
"6f3ef77ac0e3619e98159e9b6febf557","210","Pad 185 Well 2",,"0.75"
"9778d5d219c5080b9a6a17bef029331c","82","Pad 211 Well 3"," 0000000350","0.83"
"9b8619251a19057cff70779273e95aa6","130","Pad 324 Well 1"," 0000000293","0.77"
"1e056d2b0ebd5c878c550da6ac5d3724","918","Pad 144 Well 1"," 0000000579","0.91"
"daca41214b39c5dc66674d09081940f0","588","Pad 259 Well 4"," 0000000090","0.93"
"eecca5b6365d9607ee5a9d336962c534","185","Pad 272 Well 1"," 0000000432","0.94"
"36660e59856b4de58a219bcf4e27eba3","262","Pad 221 Well 2"," 0000000184","0.84"
"b20bb95ab626d93fd976af958fbc61ba","1191","Well 60"," 0000000838","1"
"f6c79f4af478638c39b206ec30ab166b","2256","Pad 89 Well 2"," 0000000225","0.78"
"06997f04a7db92466a2baa6ebc8b872d","762","Pad 154 Well 1"," 0000000033","1"
"ce78d1da254c0843eb23951ae077ff5f","829","Pad 80 Well 2"," 0000000558","1"
"f15d337c70078947cfe1b5d6f0ed3f13","2130","Pad 69 Well 1"," 0000000554","1"
"9766527f2b5d3e95d4a733fcfb77bd7e","165","Pad 121 Well 1"," 0000000057","0.96"
"fb7b9ffa5462084c5f4e7e85a093e6d7","357","Pad 195 Well 1"," 0000000486","0.88"
"d82c8d1619ad8176d665453cfb2e55f0","53","Pad 252 Well 2"," 0000000198","0.81"
"06eb61b839a0cefee4967c67ccb099dc","310","Pad 151 Well 2"," 0000000077","1"
"2d3acd3e240c61820625fff66a19938f","2258","Pad 6 Well 2"," 0000000223","1"
"02522a2b2726fb0a03bb19f2d8d9524d","134","Pad 134 Well 1"," 0000000585","0.81"
"087408522c31eeb1f982bc0eaf81d35f","510","Pad 169 Well 1"," 0000000098","0.99"
"eb163727917cbba1eea208541a643e74","211","Pad 186 Well 1"," 0000000451","1"
"1819932ff5cf474f4f19e7c7024640c2","2160","Pad 81 Well 2"," 0000000560","1"
"f457c545a9ded88f18ecee47145a72c0","49","Pad 317 Well 1"," 0000000258","0.75"
"9232fe81225bcaef853ae32870a2b0fe","953","Pad 280 Well 2"," 0000000280","1"
"d8330f857a17c53d217014ee776bfd50","2044","Pad 258 Well 1"," 0000000009","1"
"d18f655c3fce66ca401d5f38b48c89af","479","Pad 243 Well 1"," 0000000479","1"
"1543843a4723ed2ab08e18053ae6dc5b","395","Pad 205 Well 1"," 0000000187","1"
"1efa39bcaec6f3900149160693694536","850","Pad 129 Well 2"," 0000000310","1"
"0e55666a4ad822e0e34299df3591d979","1347","Well 126"," 0000000673","0.83"
"ac796a52db3f16bbdb6557d3d89d1c5a","1473","Well 157"," 0000000721","0.77"
"7380ad8a673226ae47fce7bff88e9c33","497","Pad 255 Well 1"," 0000000542","1"
"f5deaeeae1538fb6c45901d524ee2f98","584","Pad 278 Well 2"," 0000000086","1"
"3a835d3215755c435ef4fe9965a3f2a0","768","Pad 233 Well 2"," 0000000403","0.81"
"cfa5301358b9fcbe7aa45b1ceea088c6","1500","Well 193"," 0000000689","1"
"9b04d152845ec0a378394003c96da594","231","Pad 251 Well 1"," 0000000193","1"
"dc82d632c9fcecb0778afbc7924494a6","607","Pad 312 Well 3"," 0000000415","0.86"
"ca0daec69b5adc880fb464895726dbdf","2193","Pad 256 Well 2"," 0000000495","1"
"0c8ce55163055c4da50a81e0a273468c","1503","Well 196"," 0000000697","1"
"68d309812548887400e375eaa036d2f1","2317","Pad 351 Well 5"," 0000000960","1"
"b3967a0e938dc2a6340e258630febd5a","344","Pad 97 Well 1"," 0000000582","1"
"49c0b9d84c2a16fcaf9d25694fda75e1","2310","Pad 359 Well 2"," 0000000889","1"
"ae0eb3eed39d2bcef4622b2499a05fe6","708","Pad 249 Well 2"," 0000000625","1"
"6364d3f0f495b6ab9dcf8d3b5c6e0b01","32","Pad 190 Well 3"," 0000000437","1"
"5227b6aaf294f5f027273aebf16015f2","2127","Pad 54 Well 1"," 0000000546","1"
"3cef96dcc9b8035d23f69e30bb19218a","949","Pad 217 Well 2"," 0000000483","0.88"
"158f3069a435b314a80bdcb024f8e422","313","Pad 231 Well 1"," 0000000404","0.97"
"2dea61eed4bceec564a00115c4d21334","672","Pad 234 Well 1"," 0000000266","0.78"
"cdc0d6e63aa8e41c89689f54970bb35f","619","Pad 192 Well 1",,"1"
"e21e4e58ad9ab56e8a4634046da90113","2148","Pad 59 Well 1"," 0000000535","1"
"b2eb7349035754953b57a32e2841bda5","306","Pad 274 Well 2"," 0000000385","0.79"
"f8c1f23d6a8d8d7904fc0ea8e066b3bb","396","Pad 216 Well 1"," 0000000188","1"
"0771fc6f0f4b1d7d1bb73bbbe14e0e31","1632","Well 245"," 0000000818","1"
"d86ea612dec96096c5e0fcc8dd42ab6d","603","Pad 312 Well 1"," 0000000425","1"
"3416a75f4cea9109507cacd8e2f2aefc","41","Pad 321 Well 2"," 0000000420","1"
"2723d092b63885e0d7c260cc007e8b9d","109","Pad 208 Well 2"," 0000000610","1"
"85d8ce590ad8981ca2c8286f79f59954","197","Pad 297 Well 2"," 0000000414","0.79"
"352407221afb776e3143e8a1a0577885","877","Pad 235 Well 1"," 0000000313","1"
"fde9264cf376fffe2ee4ddf4a988880d","577","Pad 247 Well 1"," 0000000005","0.97"
"1385974ed5904a438616ff7bdb3f7439","140","Pad 159 Well 1",,"0.97"
"854d6fae5ee42911677c739ee1734486","202","Pad 273 Well 1"," 0000000431","0.94"
"74071a673307ca7459bcf75fbd024e09","477","Pad 210 Well 1"," 0000000008","1"
"571d3a9420bfd9219f65b643d0003bf4","1475","Well 159"," 0000000723","0.77"
"c058f544c737782deacefa532d9add4c","359","Pad 194 Well 1"," 0000000453","1"
"ccb1d45fb76f7c5a0bf619f979c6cf36","549","Pad 303 Well 1"," 0000000304","1"
"6855456e2fe46a9d49d3d3af4f57443d","336","Pad 90 Well 1"," 0000000334","0.92"
"17c276c8e723eb46aef576537e9d56d0","670","Pad 228 Well 1"," 0000000255","0.78"
"7fb8ceb3bd59c7956b1df66729296a4c","1485","Well 184"," 0000000686","0.81"
"f8c0c968632845cd133308b1a494967f","2060","Pad 40 Well 2"," 0000000035","0.79"
"0f840be9b8db4d3fbd5ba2ce59211f55","959","Pad 281 Well 5",,"1"
"3546ab441e56fa333f8b44b610d95691","1325","Pad 373 Well 1"," 0000000926","0.83"
"6490791e7abf6b29a381288cc23a8223","1499","Well 183"," 0000000716","1"
"f3bd5ad57c8389a8a1a541a76be463bf","1372","Well 135"," 0000000831","1"
"a3c65c2974270fd093ee8a9bf8ae7d0b","108","Pad 208 Well 1"," 0000000550","1"
"838e8afb1ca34354ac209f53d90c3a43","1251","Well 84"," 0000000758","1"
"8d6dc35e506fc23349dd10ee68dabb64","940","Pad 224 Well 2"," 0000000472","0.84"
"ec8956637a99787bd197eacd77acce5e","102","Pad 207 Well 1"," 0000000181","0.85"
"5cce8dede893813f879b873962fb669f","1527","Well 206"," 0000000808","1"
"ced556cd9f9c0c8315cfbe0744a3baf0","1498","Well 182"," 0000000714","1"
"0245952ecff55018e2a459517fdb40e3","1467","Well 166"," 0000000694","1"
"cbef46321026d8404bc3216d4774c8a9","2075","Pad 41 Well 2"," 0000000064","1"
"28f0b864598a1291557bed248a998d4e","394","Pad 198 Well 4"," 0000000152","0.93"
"6bc24fc1ab650b25b4114e93a98f1eba","736","Pad 215 Well 3"," 0000000568","0.86"
"a1d7311f2a312426d710e1c617fcbc8c","2098","Pad 4 Well 1"," 0000000138","0.85"
"aff1621254f7c1be92f64550478c56e6","853","Pad 111 Well 1"," 0000000400","1"
"68d13cf26c4b4f4f932e3eff990093ba","1224","Well 71"," 0000000814","1"
"d6baf65e0b240ce177cf70da146c8dc8","264","Pad 220 Well 2"," 0000000186","0.92"
"0537fb40a68c18da59a35c2bfe1ca554","744","Pad 153 Well 1"," 0000000039","0.77"
"afe434653a898da20044041262b3ac74","1444","Well 151"," 0000000766","0.76"
"013d407166ec4fa56eb1e1f8cbe183b9","138","Pad 282 Well 1"," 0000000109","1"
"38651c4450f87348fcbe1f992746a954","2254","Pad 5 Well 2"," 0000000220","0.84"
"bd5af7cd922fd2603be4ee3dc43b0b77","2128","Pad 61 Well 1"," 0000000547","1"
"58d4d1e7b1e97b258c9ed0b37e02d087","615","Pad 304 Well 1"," 0000000300","0.78"
"54229abfcfa5649e7003b83dd4755294","91","Pad 244 Well 2",,"0.91"
"64f1f27bf1b4ec22924fd0acb550c235","1675","Pad 406 Well 1"," 0000000917","0.75"
"cfecdb276f634854f3ef915e2e980c31","190","Pad 183 Well 2"," 0000000447","0.82"
"9f396fe44e7c05c16873b05ec425cbad","673","Pad 236 Well 1"," 0000000417","1"
"58e4d44e550d0f7ee0a23d6b02d9b0db","948","Pad 217 Well 1"," 0000000482","1"
"7a614fd06c325499f1680b9896beedeb","272","Pad 147 Well 2"," 0000000102","1"
"274ad4786c3abca69fa097b85867d9a4","204","Pad 273 Well 3"," 0000000430","0.79"
"2bd7f907b7f5b6bbd91822c0c7b835f6","1389","Pad 393 Well 2"," 0000000923","1"
"9a49a25d845a483fae4be7e341368e36","2135","Pad 78 Well 3"," 0000000567","0.81"
"4ba3c163cd1efd4c14e3a415fa0a3010","2116","Pad 75 Well 2"," 0000000512","1"
"788d986905533aba051261497ecffcbb","717","Pad 222 Well 2"," 0000000621","1"
"9a3d458322d70046f63dfd8b0153ece4","1193","Well 58"," 0000000652","1"
"aa942ab2bfa6ebda4840e7360ce6e7ef","358","Pad 195 Well 2",,"1"
"0d3180d672e08b4c5312dcdafdf6ef36","726","Pad 248 Well 2"," 0000000623","0.91"
"bd686fd640be98efaae0091fa301e613","193","Pad 296 Well 1"," 0000000427","1"
"dd8eb9f23fbd362da0e3f4e70b878c16","878","Pad 238 Well 1"," 0000000355","1"
"c913303f392ffc643f7240b180602652","1464","Well 163"," 0000000696","1"
"7504adad8bb96320eb3afdd4df6e1f60","881","Pad 112 Well 1"," 0000000346","1"
"b495ce63ede0f4efc9eec62cb947c162","1253","Well 86"," 0000000809","1"
"4b86abe48d358ecf194c56c69108433e","2073","Pad 23 Well 1"," 0000000062","0.78"
"9b698eb3105bd82528f23d0c92dedfc0","643","Pad 307 Well 1"," 0000000366","0.85"
"8232e119d8f59aa83050a741631803a6","2102","Pad 87 Well 2"," 0000000153","0.96"
"4e62e752ae53fb6a6eebd0f6146aa702","2136","Pad 80 Well 1"," 0000000575","1"
"291597a100aadd814d197af4f4bab3a7","642","Pad 182 Well 2"," 0000000442","1"
"f7e9050c92a851b0016442ab604b0488","854","Pad 111 Well 2"," 0000000401","1"
"44c4c17332cace2124a1a836d9fc4b6f","606","Pad 311 Well 4"," 0000000406","1"
"e97ee2054defb209c35fe4dc94599061","844","Pad 139 Well 1"," 0000000515","1"
"5a4b25aaed25c2ee1b74de72dc03c14e","391","Pad 198 Well 1"," 0000000149","0.9"
"6492d38d732122c58b44e3fdc3e9e9f3","2076","Pad 58 Well 1"," 0000000065","1"
"68ce199ec2c5517597ce0a4d89620f55","465","Pad 156 Well 1"," 0000000549","0.77"
"a5e00132373a7031000fd987a3c9f87b","146","Pad 24 Well 1"," 0000000347","0.77"
"ccbd8ca962b80445df1f7f38c57759f0","2264","Pad 95 Well 1"," 0000000226","0.81"
"1baff70e2669e8376347efd3a874a341","1489","Well 188"," 0000000709","0.82"
"fe70c36866add1572a8e2b96bfede7bf","1463","Well 162"," 0000000691","0.88"
"08b255a5d42b89b0585260b6f2360bdd","590","Pad 278 Well 3"," 0000000093","1"
"bdc4626aa1d1df8e14d80d345b2a442d","2115","Pad 51 Well 2"," 0000000173","1"
"778609db5dc7e1a8315717a9cdd8fd6f","2316","Pad 351 Well 4"," 0000000959","1"
"4e732ced3463d06de0ca9a15b6153677","26","Pad 308 Well 4"," 0000000202","1"
"e7b24b112a44fdd9ee93bdf998c6ca0e","360","Pad 194 Well 2"," 0000000454","1"
"1ecfb463472ec9115b10c292ef8bc986","709","Pad 172 Well 1"," 0000000590","1"
"389bc7bb1e1c2a5e7e147703232a88f6","508","Pad 158 Well 2"," 0000000200","0.83"
"5d6646aad9bcc0be55b2c82f69750387","2141","Pad 73 Well 2"," 0000000600","0.86"
"3d8e28caf901313a554cebc7d32e67e5","843","Pad 140 Well 1"," 0000000584","1"
"69cb3ea317a32c4e6143e665fdb20b14","402","Pad 76 Well 1"," 0000000545","0.8"
"cd0cbcc668fe4bc58e0af3cc7e0a653d","2275","Pad 49 Well 2",,"1"
"642e92efb79421734881b53e1e1b18b6","48","Pad 13 Well 3"," 0000000399","0.9"
"4e9cec1f583056459111d63e24f3b8ef","1556","Well 212"," 0000000813","0.82"
"d30960ce77e83d896503d43ba249caf7","2149","Pad 65 Well 1"," 0000000548","1"
"be3159ad04564bfb90db9e32851ebf9c","662","Pad 227 Well 4"," 0000000475","0.94"
"b73dfe25b4b8714c029b37a6ad3006fa","620","Pad 192 Well 2"," 0000000456","1"
"2cd4e8a2ce081c3d7c32c3cde4312ef7","2095","Pad 54 Well 2"," 0000000133","1"
"2d6cc4b2d139a53512fb8cbb3086ae2e","507","Pad 158 Well 1"," 0000000059","1"
"fca0789e7891cbc0583298a238316122","2134","Pad 74 Well 1"," 0000000566","1"
"0f96613235062963ccde717b18f97592","639","Pad 181 Well 1"," 0000000439","1"
"d9d4f495e875a2e075a1a4a6e1b9770f","46","Pad 13 Well 1"," 0000000397","0.98"
